{"cameraMode":{"drawMode":0,"name":"Shaded","section":"Shading Mode"},"sceneLighting":false,"audioPlay":false,"sceneViewState":{"m_AlwaysRefresh":false,"showFog":true,"showSkybox":false,"showFlares":true,"showImageEffects":true,"showParticleSystems":true,"showVisualEffectGraphs":true,"m_FxEnabled":true},"in2DMode":false,"pivot":{"x":-1.6077861785888672,"y":1.6147642135620118,"z":-0.7246274948120117},"rotation":{"x":-0.048269011080265048,"y":0.8941898941993713,"z":-0.09949248284101486,"w":-0.43381839990615847},"size":11.884925842285157,"orthographic":false}